Round,Home,Away,Venue,Margin,Prob,Updated
18,Adelaide,Gold Coast,Adelaide Oval,13.415367625124176,0.5877249072756516,2026-07-05 21:11:23.363876+00:00
18,Brisbane Lions,Essendon,Gabba,50.60289872385464,0.7920677479701431,2026-07-05 21:11:23.363876+00:00
18,Carlton,Hawthorn,MCG,-3.533068295748996,0.4766721996016735,2026-07-05 21:11:23.363876+00:00
18,Collingwood,North Melbourne,Marvel Stadium,5.868262940807632,0.5386970056458731,2026-07-05 21:11:23.363876+00:00
18,Fremantle,Sydney,Optus Stadium,11.198779734084836,0.5734604184117844,2026-07-05 21:11:23.363876+00:00
18,Greater Western Sydney,Geelong,ENGIE Stadium,3.224204852764853,0.5212910509837401,2026-07-05 21:11:23.363876+00:00
18,Melbourne,Richmond,MCG,35.63630970565407,0.7194767627254665,2026-07-05 21:11:23.363876+00:00
18,St Kilda,Port Adelaide,Marvel Stadium,10.067632776582538,0.5661321493648791,2026-07-05 21:11:23.363876+00:00
18,Western Bulldogs,West Coast,Marvel Stadium,33.43270761154449,0.707573149110154,2026-07-05 21:11:23.363876+00:00
19,Collingwood,Carlton,MCG,-1.2310017738784378,0.4918668732103955,2026-07-05 21:11:23.363876+00:00
19,Essendon,Greater Western Sydney,Marvel Stadium,-25.24668565150119,0.3391084247437061,2026-07-05 21:11:23.363876+00:00
19,Geelong,St Kilda,GMHBA Stadium,13.491285899718704,0.588211010052873,2026-07-05 21:11:23.363876+00:00
19,Gold Coast,Western Bulldogs,People First Stadium,5.395831919694713,0.5355926558238656,2026-07-05 21:11:23.363876+00:00
19,North Melbourne,Melbourne,Marvel Stadium,-8.132786031702954,0.4464685684969696,2026-07-05 21:11:23.363876+00:00
19,Port Adelaide,Fremantle,Adelaide Oval,-7.188952634163108,0.452641386338484,2026-07-05 21:11:23.363876+00:00
19,Richmond,Hawthorn,MCG,-37.095853940050944,0.2728038083718065,2026-07-05 21:11:23.363876+00:00
19,Sydney,Adelaide,SCG,26.26878247108065,0.6669192277124717,2026-07-05 21:11:23.363876+00:00
19,West Coast,Brisbane Lions,Optus Stadium,-30.568531462373738,0.3083325674183215,2026-07-05 21:11:23.363876+00:00
20,Adelaide,Collingwood,Adelaide Oval,4.138784853291408,0.527319784533587,2026-07-05 21:11:23.363876+00:00
20,Brisbane Lions,Port Adelaide,Gabba,22.763525972118064,0.6460314207328675,2026-07-05 21:11:23.363876+00:00
20,Carlton,Gold Coast,Marvel Stadium,12.1126217934355,0.5793575407926527,2026-07-05 21:11:23.363876+00:00
20,Fremantle,West Coast,Optus Stadium,43.86718490568553,0.7612254371753422,2026-07-05 21:11:23.363876+00:00
20,Greater Western Sydney,Sydney,ENGIE Stadium,-4.664925462431012,0.4692154924455261,2026-07-05 21:11:23.363876+00:00
20,Hawthorn,Essendon,MCG,37.52556397654938,0.7294434388551309,2026-07-05 21:11:23.363876+00:00
20,Melbourne,Geelong,MCG,-0.7582186511455973,0.4949902379174363,2026-07-05 21:11:23.363876+00:00
20,North Melbourne,St Kilda,Marvel Stadium,-13.88017065312281,0.4093016876896425,2026-07-05 21:11:23.363876+00:00
20,Western Bulldogs,Richmond,Marvel Stadium,39.1559611720124,0.7378632226517802,2026-07-05 21:11:23.363876+00:00
21,Carlton,Brisbane Lions,Marvel Stadium,-3.896799758222584,0.4742746315993805,2026-07-05 21:11:23.363876+00:00
21,Collingwood,Geelong,MCG,-4.062744486376159,0.4731811795119918,2026-07-05 21:11:23.363876+00:00
21,Essendon,Adelaide,Marvel Stadium,-20.66978765742165,0.3667226847833263,2026-07-05 21:11:23.363876+00:00
21,Fremantle,Western Bulldogs,Optus Stadium,24.573093820935355,0.6568903129214129,2026-07-05 21:11:23.363876+00:00
21,Gold Coast,Melbourne,People First Stadium,-2.450295513334102,0.4838153285798048,2026-07-05 21:11:23.363876+00:00
21,Hawthorn,North Melbourne,UTAS Stadium,,,2026-07-05 21:11:23.363876+00:00
21,Port Adelaide,Greater Western Sydney,Adelaide Oval,9.682600723648267,0.5636308944265367,2026-07-05 21:11:23.363876+00:00
21,Richmond,West Coast,MCG,5.988850024031818,0.539488913886374,2026-07-05 21:11:23.363876+00:00
21,St Kilda,Sydney,Marvel Stadium,-4.9441130701707925,0.4673781789285189,2026-07-05 21:11:23.363876+00:00
22,Adelaide,Richmond,Adelaide Oval,37.00059238416864,0.726696427445704,2026-07-05 21:11:23.363876+00:00
22,Brisbane Lions,Hawthorn,Gabba,16.06215872565145,0.6045650212143804,2026-07-05 21:11:23.363876+00:00
22,Geelong,Essendon,GMHBA Stadium,47.45868210994526,0.7780490173992132,2026-07-05 21:11:23.363876+00:00
22,Greater Western Sydney,Gold Coast,Corroboree Group Oval Manuka,15.719338348447188,0.602396864957072,2026-07-05 21:11:23.363876+00:00
22,Melbourne,Fremantle,MCG,-4.194415797834021,0.4723137461951051,2026-07-05 21:11:23.363876+00:00
22,St Kilda,Carlton,Marvel Stadium,1.7462384565014075,0.5115362228915864,2026-07-05 21:11:23.363876+00:00
22,Sydney,Port Adelaide,SCG,23.03880669485828,0.6476934100210657,2026-07-05 21:11:23.363876+00:00
22,West Coast,Collingwood,Optus Stadium,-18.41781506308171,0.3806517377867127,2026-07-05 21:11:23.363876+00:00
22,Western Bulldogs,North Melbourne,Marvel Stadium,12.472884503634084,0.5816762427542694,2026-07-05 21:11:23.363876+00:00
23,Brisbane Lions,Gold Coast,Gabba,26.08063112501222,0.6658136556899669,2026-07-05 21:11:23.363876+00:00
23,Essendon,Sydney,MCG,-39.16872214267712,0.2620715469770243,2026-07-05 21:11:23.363876+00:00
23,Fremantle,Adelaide,Optus Stadium,27.92637629226508,0.6765789534307626,2026-07-05 21:11:23.363876+00:00
23,Greater Western Sydney,West Coast,ENGIE Stadium,38.07468928252381,0.7322981812059837,2026-07-05 21:11:23.363876+00:00
23,Hawthorn,Collingwood,MCG,4.764070069627434,0.5314370692240877,2026-07-05 21:11:23.363876+00:00
23,North Melbourne,Geelong,Marvel Stadium,-10.241475348875076,0.432739625203686,2026-07-05 21:11:23.363876+00:00
23,Port Adelaide,Melbourne,Adelaide Oval,2.7696654682502047,0.5182923968858386,2026-07-05 21:11:23.363876+00:00
23,Richmond,St Kilda,MCG,-26.20610374494186,0.3334488674701072,2026-07-05 21:11:23.363876+00:00
23,Western Bulldogs,Carlton,Marvel Stadium,0.3389523070126845,0.5022396123902855,2026-07-05 21:11:23.363876+00:00
24,Adelaide,Greater Western Sydney,Adelaide Oval,6.452624947425896,0.5425326811414479,2026-07-05 21:11:23.363876+00:00
24,Carlton,Fremantle,Marvel Stadium,-8.6025119295544,0.4434025078509744,2026-07-05 21:11:23.363876+00:00
24,Collingwood,Brisbane Lions,MCG,-6.341287583371984,0.4581977480511816,2026-07-05 21:11:23.363876+00:00
24,Essendon,Port Adelaide,Marvel Stadium,-23.89976343364402,0.3471317974528512,2026-07-05 21:11:23.363876+00:00
24,Geelong,Richmond,GMHBA Stadium,47.286184935726595,0.7772607141626483,2026-07-05 21:11:23.363876+00:00
24,Melbourne,Western Bulldogs,MCG,9.670720419515554,0.5635536651118489,2026-07-05 21:11:23.363876+00:00
24,St Kilda,Gold Coast,Marvel Stadium,13.858860249936908,0.5905621301342039,2026-07-05 21:11:23.363876+00:00
24,Sydney,North Melbourne,SCG,33.309224935200504,0.7068973996411704,2026-07-05 21:11:23.363876+00:00
24,West Coast,Hawthorn,Optus Stadium,-24.57758231007642,0.3430829499296285,2026-07-05 21:11:23.363876+00:00
