id,Home,Away,Venue,Margin,Prob
8189,Fremantle,Sydney,Optus Stadium,11.198779734084836,0.5734604184117844
8182,Collingwood,North Melbourne,Marvel Stadium,5.868262940807632,0.5386970056458731
8188,St Kilda,Port Adelaide,Marvel Stadium,10.067632776582538,0.5661321493648791
8192,Greater Western Sydney,Geelong,ENGIE Stadium,3.224204852764853,0.5212910509837401
8184,Carlton,Hawthorn,MCG,-3.533068295748996,0.4766721996016735
8190,Adelaide,Gold Coast,Adelaide Oval,13.415367625124176,0.5877249072756516
8193,Western Bulldogs,West Coast,Marvel Stadium,33.43270761154449,0.707573149110154
8185,Melbourne,Richmond,MCG,35.63630970565407,0.7194767627254665
8186,Brisbane Lions,Essendon,Gabba,50.60289872385464,0.7920677479701431
